symbol_id,timestamp,open,close,high,low,volume,last_tick,asset
63,2026-05-21 20:15:00,158.966,158.969,158.981,158.964,401,1779394799.292,USDJPY
63,2026-05-21 20:20:00,158.969,158.981,158.981,158.966,320,1779395099.006,USDJPY
63,2026-05-21 20:25:00,158.981,158.978,158.983,158.961,374,1779395399.023,USDJPY
63,2026-05-21 20:30:00,158.978,158.986,158.988,158.971,364,1779395699.797,USDJPY
63,2026-05-21 20:35:00,158.988,158.992,158.993,158.983,369,1779395998.091,USDJPY
63,2026-05-21 20:40:00,158.992,158.99,158.996,158.981,413,1779396299.693,USDJPY
63,2026-05-21 20:45:00,158.99,159.003,159.008,158.989,448,1779396599.022,USDJPY
63,2026-05-21 20:50:00,159.003,158.99,159.006,158.976,541,1779396899.007,USDJPY
63,2026-05-21 20:55:00,158.99,158.977,159.011,158.976,447,1779397199.8,USDJPY
63,2026-05-21 21:00:00,158.977,158.935,158.977,158.906,296,1779397499.0,USDJPY
63,2026-05-21 21:05:00,158.935,158.94,158.942,158.933,304,1779397799.005,USDJPY
63,2026-05-21 21:10:00,158.94,158.938,158.945,158.938,285,1779398099.038,USDJPY
63,2026-05-21 21:15:00,158.938,158.942,158.945,158.938,283,1779398399.009,USDJPY
63,2026-05-21 21:20:00,158.942,158.941,158.948,158.941,306,1779398699.092,USDJPY
63,2026-05-21 21:25:00,158.941,158.965,158.969,158.941,320,1779398999.039,USDJPY
63,2026-05-21 21:30:00,158.965,158.962,158.978,158.952,294,1779399299.017,USDJPY
63,2026-05-21 21:35:00,158.962,158.976,158.995,158.96,308,1779399599.032,USDJPY
63,2026-05-21 21:40:00,158.976,158.972,158.976,158.972,305,1779399899.015,USDJPY
63,2026-05-21 21:45:00,158.972,158.971,158.975,158.969,289,1779400199.007,USDJPY
63,2026-05-21 21:50:00,158.971,158.971,158.971,158.966,285,1779400498.092,USDJPY
63,2026-05-21 21:55:00,158.971,158.968,158.972,158.966,311,1779400799.092,USDJPY
63,2026-05-21 22:00:00,158.968,158.984,158.996,158.968,295,1779401099.093,USDJPY
63,2026-05-21 22:05:00,158.984,158.995,158.996,158.978,334,1779401399.092,USDJPY
63,2026-05-21 22:10:00,158.995,159.005,159.022,158.995,328,1779401699.001,USDJPY
63,2026-05-21 22:15:00,159.005,159.019,159.02,159.005,319,1779401999.039,USDJPY
63,2026-05-21 22:20:00,159.019,159.019,159.019,159.015,283,1779402299.01,USDJPY
63,2026-05-21 22:25:00,159.019,159.022,159.022,159.019,319,1779402599.009,USDJPY
63,2026-05-21 22:30:00,159.022,159.019,159.022,159.008,338,1779402899.005,USDJPY
63,2026-05-21 22:35:00,159.019,159.007,159.019,159.004,330,1779403199.091,USDJPY
63,2026-05-21 22:40:00,159.007,158.993,159.007,158.985,349,1779403499.028,USDJPY
63,2026-05-21 22:45:00,158.993,158.993,158.995,158.979,365,1779403798.09,USDJPY
63,2026-05-21 22:50:00,158.993,159.001,159.001,158.985,323,1779404099.035,USDJPY
63,2026-05-21 22:55:00,159.001,159.005,159.007,158.995,414,1779404399.09,USDJPY
63,2026-05-21 23:00:00,159.004,159.003,159.007,158.992,380,1779404699.04,USDJPY
63,2026-05-21 23:05:00,159.003,159.027,159.029,159.002,329,1779404999.003,USDJPY
63,2026-05-21 23:10:00,159.027,159.014,159.027,159.005,397,1779405299.091,USDJPY
63,2026-05-21 23:15:00,159.014,159.002,159.014,158.988,395,1779405599.031,USDJPY
63,2026-05-21 23:20:00,159.002,159.002,159.006,159.0,297,1779405899.004,USDJPY
63,2026-05-21 23:25:00,159.002,158.998,159.005,158.99,325,1779406199.993,USDJPY
63,2026-05-21 23:30:00,158.998,159.002,159.039,158.992,367,1779406499.02,USDJPY
63,2026-05-21 23:35:00,159.002,159.013,159.018,159.002,309,1779406799.092,USDJPY
63,2026-05-21 23:40:00,159.013,159.017,159.019,159.012,299,1779407099.001,USDJPY
63,2026-05-21 23:45:00,159.017,159.017,159.032,159.015,359,1779407399.03,USDJPY
63,2026-05-21 23:50:00,159.017,159.032,159.034,159.005,332,1779407698.092,USDJPY
63,2026-05-21 23:55:00,159.032,159.029,159.043,159.027,358,1779407999.011,USDJPY
63,2026-05-22 00:00:00,159.029,159.052,159.06,159.027,574,1779408299.029,USDJPY
63,2026-05-22 00:05:00,159.052,159.043,159.063,159.028,471,1779408599.001,USDJPY
63,2026-05-22 00:10:00,159.043,159.061,159.073,159.043,418,1779408899.992,USDJPY
63,2026-05-22 00:15:00,159.061,159.075,159.075,159.052,461,1779409199.294,USDJPY
63,2026-05-22 00:20:00,159.075,159.065,159.079,159.058,422,1779409499.092,USDJPY
63,2026-05-22 00:25:00,159.065,159.079,159.089,159.065,381,1779409799.0,USDJPY
63,2026-05-22 00:30:00,159.079,159.089,159.089,159.074,369,1779410099.036,USDJPY
63,2026-05-22 00:35:00,159.089,159.075,159.091,159.074,365,1779410399.007,USDJPY
63,2026-05-22 00:40:00,159.075,159.048,159.075,159.048,395,1779410699.021,USDJPY
63,2026-05-22 00:45:00,159.048,159.052,159.061,159.038,424,1779410999.036,USDJPY
63,2026-05-22 00:50:00,159.052,159.108,159.108,159.024,704,1779411299.992,USDJPY
63,2026-05-22 00:55:00,159.108,159.094,159.121,159.067,669,1779411598.032,USDJPY
63,2026-05-22 01:00:00,159.094,159.11,159.114,159.084,545,1779411899.017,USDJPY
63,2026-05-22 01:05:00,159.11,159.118,159.12,159.096,396,1779412199.692,USDJPY
63,2026-05-22 01:10:00,159.118,159.115,159.12,159.101,403,1779412499.038,USDJPY
63,2026-05-22 01:15:00,159.115,159.101,159.127,159.098,473,1779412799.011,USDJPY
63,2026-05-22 01:20:00,159.101,159.101,159.101,159.087,354,1779413099.008,USDJPY
63,2026-05-22 01:25:00,159.101,159.091,159.103,159.086,378,1779413399.026,USDJPY
63,2026-05-22 01:30:00,159.091,159.077,159.094,159.07,375,1779413699.027,USDJPY
63,2026-05-22 01:35:00,159.077,159.07,159.079,159.063,310,1779413999.023,USDJPY
63,2026-05-22 01:40:00,159.07,159.077,159.079,159.067,397,1779414299.03,USDJPY
63,2026-05-22 01:45:00,159.077,159.075,159.079,159.074,331,1779414599.094,USDJPY
63,2026-05-22 01:50:00,159.075,159.072,159.077,159.056,428,1779414899.006,USDJPY
63,2026-05-22 01:55:00,159.072,159.103,159.103,159.072,556,1779415199.01,USDJPY
63,2026-05-22 02:00:00,159.103,159.091,159.108,159.089,509,1779415499.092,USDJPY
63,2026-05-22 02:05:00,159.089,159.091,159.093,159.089,387,1779415799.492,USDJPY
63,2026-05-22 02:10:00,159.091,159.089,159.094,159.087,383,1779416098.091,USDJPY
63,2026-05-22 02:15:00,159.089,159.079,159.091,159.065,400,1779416399.091,USDJPY
63,2026-05-22 02:20:00,159.079,159.078,159.091,159.076,435,1779416699.591,USDJPY
63,2026-05-22 02:25:00,159.078,159.078,159.079,159.065,394,1779416999.032,USDJPY
63,2026-05-22 02:30:00,159.078,159.066,159.079,159.065,435,1779417299.029,USDJPY
63,2026-05-22 02:35:00,159.066,159.051,159.067,159.038,447,1779417599.022,USDJPY
63,2026-05-22 02:40:00,159.051,159.041,159.052,159.033,364,1779417899.091,USDJPY
63,2026-05-22 02:45:00,159.041,159.014,159.043,159.014,358,1779418199.001,USDJPY
63,2026-05-22 02:50:00,159.014,159.028,159.029,159.002,410,1779418499.891,USDJPY
63,2026-05-22 02:55:00,159.028,159.035,159.059,159.026,570,1779418799.003,USDJPY
63,2026-05-22 03:00:00,159.035,159.031,159.036,159.009,482,1779419099.093,USDJPY
63,2026-05-22 03:05:00,159.031,159.039,159.048,159.031,402,1779419399.092,USDJPY
63,2026-05-22 03:10:00,159.039,159.043,159.055,159.039,353,1779419699.092,USDJPY
63,2026-05-22 03:15:00,159.043,159.048,159.055,159.038,422,1779419999.09,USDJPY
63,2026-05-22 03:20:00,159.048,159.046,159.055,159.041,366,1779420298.032,USDJPY
63,2026-05-22 03:25:00,159.046,159.046,159.053,159.043,344,1779420599.02,USDJPY
63,2026-05-22 03:30:00,159.046,159.044,159.056,159.041,397,1779420899.991,USDJPY
63,2026-05-22 03:35:00,159.044,159.043,159.046,159.041,350,1779421199.019,USDJPY
63,2026-05-22 03:40:00,159.043,159.039,159.043,159.039,318,1779421499.0,USDJPY
63,2026-05-22 03:45:00,159.039,159.036,159.044,159.031,329,1779421799.091,USDJPY
63,2026-05-22 03:50:00,159.036,159.039,159.044,159.036,418,1779422099.014,USDJPY
63,2026-05-22 03:55:00,159.039,159.039,159.043,159.034,364,1779422399.015,USDJPY
63,2026-05-22 04:00:00,159.039,159.03,159.041,159.026,358,1779422699.011,USDJPY
63,2026-05-22 04:05:00,159.03,159.02,159.03,159.015,417,1779422999.031,USDJPY
63,2026-05-22 04:10:00,159.02,159.02,159.029,159.019,337,1779423299.01,USDJPY
63,2026-05-22 04:15:00,159.02,159.02,159.026,159.014,378,1779423599.008,USDJPY
63,2026-05-22 04:20:00,159.02,159.032,159.033,159.017,397,1779423899.092,USDJPY
63,2026-05-22 04:25:00,159.032,159.043,159.046,159.031,336,1779424199.091,USDJPY
63,2026-05-22 04:30:00,159.043,159.048,159.05,159.041,348,1779424499.392,USDJPY
63,2026-05-22 04:35:00,159.048,159.05,159.053,159.043,382,1779424799.005,USDJPY
63,2026-05-22 04:40:00,159.05,159.049,159.051,159.041,401,1779425099.026,USDJPY
63,2026-05-22 04:45:00,159.049,159.045,159.05,159.043,503,1779425399.303,USDJPY
63,2026-05-22 04:50:00,159.045,159.059,159.06,159.045,374,1779425699.016,USDJPY
63,2026-05-23 14:15:00,159.118,159.118,159.118,159.118,0,1779545700.0,USDJPY
63,2026-05-23 14:20:00,159.118,159.118,159.118,159.118,0,1779546000.0,USDJPY
63,2026-05-23 14:25:00,159.118,159.118,159.118,159.118,0,1779546300.0,USDJPY
63,2026-05-23 14:30:00,159.118,159.118,159.118,159.118,0,1779546600.0,USDJPY
63,2026-05-23 14:35:00,159.118,159.118,159.118,159.118,0,1779546900.0,USDJPY
63,2026-05-23 14:40:00,159.118,159.118,159.118,159.118,0,1779547200.0,USDJPY
63,2026-05-23 14:45:00,159.118,159.118,159.118,159.118,0,1779547500.0,USDJPY
63,2026-05-23 14:50:00,159.118,159.118,159.118,159.118,0,1779547800.0,USDJPY
63,2026-05-23 14:55:00,159.118,159.118,159.118,159.118,0,1779548100.0,USDJPY
63,2026-05-23 15:00:00,159.118,159.118,159.118,159.118,0,1779548400.0,USDJPY
63,2026-05-23 15:05:00,159.118,159.118,159.118,159.118,0,1779548700.0,USDJPY
63,2026-05-23 15:10:00,159.118,159.118,159.118,159.118,0,1779549000.0,USDJPY
63,2026-05-23 15:15:00,159.118,159.118,159.118,159.118,0,1779549300.0,USDJPY
63,2026-05-23 15:20:00,159.118,159.118,159.118,159.118,0,1779549600.0,USDJPY
63,2026-05-23 15:25:00,159.118,159.118,159.118,159.118,0,1779549900.0,USDJPY
63,2026-05-23 15:30:00,159.118,159.118,159.118,159.118,0,1779550200.0,USDJPY
63,2026-05-23 15:35:00,159.118,159.118,159.118,159.118,0,1779550500.0,USDJPY
63,2026-05-23 15:40:00,159.118,159.118,159.118,159.118,0,1779550800.0,USDJPY
63,2026-05-23 15:45:00,159.118,159.118,159.118,159.118,0,1779551100.0,USDJPY
63,2026-05-23 15:50:00,159.118,159.118,159.118,159.118,0,1779551400.0,USDJPY
63,2026-05-23 15:55:00,159.118,159.118,159.118,159.118,0,1779551700.0,USDJPY
63,2026-05-23 16:00:00,159.118,159.118,159.118,159.118,0,1779552000.0,USDJPY
63,2026-05-23 16:05:00,159.118,159.118,159.118,159.118,0,1779552300.0,USDJPY
63,2026-05-23 16:10:00,159.118,159.118,159.118,159.118,0,1779552600.0,USDJPY
63,2026-05-23 16:15:00,159.118,159.118,159.118,159.118,0,1779552900.0,USDJPY
63,2026-05-23 16:20:00,159.118,159.118,159.118,159.118,0,1779553200.0,USDJPY
63,2026-05-23 16:25:00,159.118,159.118,159.118,159.118,0,1779553500.0,USDJPY
63,2026-05-23 16:30:00,159.118,159.118,159.118,159.118,0,1779553800.0,USDJPY
63,2026-05-23 16:35:00,159.118,159.118,159.118,159.118,0,1779554100.0,USDJPY
63,2026-05-23 16:40:00,159.118,159.118,159.118,159.118,0,1779554400.0,USDJPY
63,2026-05-23 16:45:00,159.118,159.118,159.118,159.118,0,1779554700.0,USDJPY
63,2026-05-23 16:50:00,159.118,159.118,159.118,159.118,0,1779555000.0,USDJPY
63,2026-05-23 16:55:00,159.118,159.118,159.118,159.118,0,1779555300.0,USDJPY
63,2026-05-23 17:00:00,159.118,159.118,159.118,159.118,0,1779555600.0,USDJPY
63,2026-05-23 17:05:00,159.118,159.118,159.118,159.118,0,1779555900.0,USDJPY
63,2026-05-23 17:10:00,159.118,159.118,159.118,159.118,0,1779556200.0,USDJPY
63,2026-05-23 17:15:00,159.118,159.118,159.118,159.118,0,1779556500.0,USDJPY
63,2026-05-23 17:20:00,159.118,159.118,159.118,159.118,0,1779556800.0,USDJPY
63,2026-05-23 17:25:00,159.118,159.118,159.118,159.118,0,1779557100.0,USDJPY
63,2026-05-23 17:30:00,159.118,159.118,159.118,159.118,0,1779557400.0,USDJPY
63,2026-05-23 17:35:00,159.118,159.118,159.118,159.118,0,1779557700.0,USDJPY
63,2026-05-23 17:40:00,159.118,159.118,159.118,159.118,0,1779558000.0,USDJPY
63,2026-05-23 17:45:00,159.118,159.118,159.118,159.118,0,1779558300.0,USDJPY
63,2026-05-23 17:50:00,159.118,159.118,159.118,159.118,0,1779558600.0,USDJPY
63,2026-05-23 17:55:00,159.118,159.118,159.118,159.118,0,1779558900.0,USDJPY
63,2026-05-23 18:00:00,159.118,159.118,159.118,159.118,0,1779559200.0,USDJPY
63,2026-05-23 18:05:00,159.118,159.118,159.118,159.118,0,1779559500.0,USDJPY
63,2026-05-23 18:10:00,159.118,159.118,159.118,159.118,0,1779559800.0,USDJPY
63,2026-05-23 18:15:00,159.118,159.118,159.118,159.118,0,1779560100.0,USDJPY
63,2026-05-23 18:20:00,159.118,159.118,159.118,159.118,0,1779560400.0,USDJPY
63,2026-05-23 18:25:00,159.118,159.118,159.118,159.118,0,1779560700.0,USDJPY
63,2026-05-23 18:30:00,159.118,159.118,159.118,159.118,0,1779561000.0,USDJPY
63,2026-05-23 18:35:00,159.118,159.118,159.118,159.118,0,1779561300.0,USDJPY
63,2026-05-23 18:40:00,159.118,159.118,159.118,159.118,0,1779561600.0,USDJPY
63,2026-05-23 18:45:00,159.118,159.118,159.118,159.118,0,1779561900.0,USDJPY
63,2026-05-23 18:50:00,159.118,159.118,159.118,159.118,0,1779562200.0,USDJPY
63,2026-05-23 18:55:00,159.118,159.118,159.118,159.118,0,1779562500.0,USDJPY
63,2026-05-23 19:00:00,159.118,159.118,159.118,159.118,0,1779562800.0,USDJPY
63,2026-05-23 19:05:00,159.118,159.118,159.118,159.118,0,1779563100.0,USDJPY
63,2026-05-23 19:10:00,159.118,159.118,159.118,159.118,0,1779563400.0,USDJPY
63,2026-05-23 19:15:00,159.118,159.118,159.118,159.118,0,1779563700.0,USDJPY
63,2026-05-23 19:20:00,159.118,159.118,159.118,159.118,0,1779564000.0,USDJPY
63,2026-05-23 19:25:00,159.118,159.118,159.118,159.118,0,1779564300.0,USDJPY
63,2026-05-23 19:30:00,159.118,159.118,159.118,159.118,0,1779564600.0,USDJPY
63,2026-05-23 19:35:00,159.118,159.118,159.118,159.118,0,1779564900.0,USDJPY
63,2026-05-23 19:40:00,159.118,159.118,159.118,159.118,0,1779565200.0,USDJPY
63,2026-05-23 19:45:00,159.118,159.118,159.118,159.118,0,1779565500.0,USDJPY
63,2026-05-23 19:50:00,159.118,159.118,159.118,159.118,0,1779565800.0,USDJPY
63,2026-05-23 19:55:00,159.118,159.118,159.118,159.118,0,1779566100.0,USDJPY
63,2026-05-23 20:00:00,159.118,159.118,159.118,159.118,0,1779566400.0,USDJPY
63,2026-05-23 20:05:00,159.118,159.118,159.118,159.118,0,1779566700.0,USDJPY
63,2026-05-23 20:10:00,159.118,159.118,159.118,159.118,0,1779567000.0,USDJPY
63,2026-05-23 20:15:00,159.118,159.118,159.118,159.118,0,1779567300.0,USDJPY
63,2026-05-23 20:20:00,159.118,159.118,159.118,159.118,0,1779567600.0,USDJPY
63,2026-05-23 20:25:00,159.118,159.118,159.118,159.118,0,1779567900.0,USDJPY
63,2026-05-23 20:30:00,159.118,159.118,159.118,159.118,0,1779568200.0,USDJPY
63,2026-05-23 20:35:00,159.118,159.118,159.118,159.118,0,1779568500.0,USDJPY
63,2026-05-23 20:40:00,159.118,159.118,159.118,159.118,0,1779568800.0,USDJPY
63,2026-05-23 20:45:00,159.118,159.118,159.118,159.118,0,1779569100.0,USDJPY
63,2026-05-23 20:50:00,159.118,159.118,159.118,159.118,0,1779569400.0,USDJPY
63,2026-05-23 20:55:00,159.118,159.118,159.118,159.118,0,1779569700.0,USDJPY
63,2026-05-23 21:00:00,159.118,159.118,159.118,159.118,0,1779570000.0,USDJPY
63,2026-05-23 21:05:00,159.118,159.118,159.118,159.118,0,1779570300.0,USDJPY
63,2026-05-23 21:10:00,159.118,159.118,159.118,159.118,0,1779570600.0,USDJPY
63,2026-05-23 21:15:00,159.118,159.118,159.118,159.118,0,1779570900.0,USDJPY
63,2026-05-23 21:20:00,159.118,159.118,159.118,159.118,0,1779571200.0,USDJPY
63,2026-05-23 21:25:00,159.118,159.118,159.118,159.118,0,1779571500.0,USDJPY
63,2026-05-23 21:30:00,159.118,159.118,159.118,159.118,0,1779571800.0,USDJPY
63,2026-05-23 21:35:00,159.118,159.118,159.118,159.118,0,1779572100.0,USDJPY
63,2026-05-23 21:40:00,159.118,159.118,159.118,159.118,0,1779572400.0,USDJPY
63,2026-05-23 21:45:00,159.118,159.118,159.118,159.118,0,1779572700.0,USDJPY
63,2026-05-23 21:50:00,159.118,159.118,159.118,159.118,0,1779573000.0,USDJPY
63,2026-05-23 21:55:00,159.118,159.118,159.118,159.118,0,1779573300.0,USDJPY
63,2026-05-23 22:00:00,159.118,159.118,159.118,159.118,0,1779573600.0,USDJPY
63,2026-05-23 22:05:00,159.118,159.118,159.118,159.118,0,1779573900.0,USDJPY
63,2026-05-23 22:10:00,159.118,159.118,159.118,159.118,0,1779574200.0,USDJPY
63,2026-05-23 22:15:00,159.118,159.118,159.118,159.118,0,1779574500.0,USDJPY
63,2026-05-23 22:20:00,159.118,159.118,159.118,159.118,0,1779574800.0,USDJPY
63,2026-05-23 22:25:00,159.118,159.118,159.118,159.118,0,1779575100.0,USDJPY
63,2026-05-23 22:30:00,159.118,159.118,159.118,159.118,0,1779575400.0,USDJPY
63,2026-05-23 22:35:00,159.118,159.118,159.118,159.118,0,1779575700.0,USDJPY
63,2026-05-23 22:40:00,159.118,159.118,159.118,159.118,0,1779576000.0,USDJPY
63,2026-05-23 22:45:00,159.118,159.118,159.118,159.118,0,1779576300.0,USDJPY
63,2026-05-23 22:50:00,159.118,159.118,159.118,159.118,0,1779576600.0,USDJPY
63,2026-05-25 08:15:00,158.938,158.954,158.956,158.938,417,1779697199.008,USDJPY
63,2026-05-25 08:20:00,158.954,158.944,158.954,158.939,420,1779697499.016,USDJPY
63,2026-05-25 08:25:00,158.944,158.938,158.945,158.935,447,1779697799.692,USDJPY
63,2026-05-25 08:30:00,158.938,158.925,158.942,158.924,337,1779698099.06,USDJPY
63,2026-05-25 08:35:00,158.925,158.944,158.949,158.913,489,1779698399.037,USDJPY
63,2026-05-25 08:40:00,158.944,158.94,158.954,158.937,428,1779698699.596,USDJPY
63,2026-05-25 08:45:00,158.94,158.918,158.94,158.918,431,1779698999.041,USDJPY
63,2026-05-25 08:50:00,158.918,158.938,158.952,158.916,443,1779699299.0,USDJPY
63,2026-05-25 08:55:00,158.938,158.919,158.941,158.901,483,1779699599.993,USDJPY
63,2026-05-25 09:00:00,158.917,158.911,158.919,158.894,465,1779699898.0,USDJPY
63,2026-05-25 09:05:00,158.911,158.913,158.917,158.9,398,1779700199.422,USDJPY
63,2026-05-25 09:10:00,158.913,158.94,158.94,158.906,462,1779700499.034,USDJPY
63,2026-05-25 09:15:00,158.94,158.931,158.942,158.927,406,1779700799.402,USDJPY
63,2026-05-25 09:20:00,158.931,158.942,158.944,158.93,379,1779701099.014,USDJPY
63,2026-05-25 09:25:00,158.942,158.934,158.943,158.923,417,1779701399.024,USDJPY
63,2026-05-25 09:30:00,158.934,158.923,158.934,158.916,417,1779701699.254,USDJPY
63,2026-05-25 09:35:00,158.923,158.927,158.936,158.923,382,1779701999.029,USDJPY
63,2026-05-25 09:40:00,158.927,158.922,158.93,158.916,374,1779702299.001,USDJPY
63,2026-05-25 09:45:00,158.922,158.927,158.929,158.916,386,1779702599.094,USDJPY
63,2026-05-25 09:50:00,158.927,158.93,158.931,158.926,383,1779702899.093,USDJPY
63,2026-05-25 09:55:00,158.93,158.928,158.94,158.926,368,1779703199.098,USDJPY
63,2026-05-25 10:00:00,158.928,158.925,158.928,158.923,365,1779703499.027,USDJPY
63,2026-05-25 10:05:00,158.925,158.925,158.938,158.923,388,1779703799.01,USDJPY
63,2026-05-25 10:10:00,158.925,158.933,158.942,158.92,358,1779704098.094,USDJPY
63,2026-05-25 10:15:00,158.933,158.931,158.942,158.926,335,1779704399.093,USDJPY
63,2026-05-25 10:20:00,158.931,158.933,158.94,158.928,398,1779704699.005,USDJPY
63,2026-05-25 10:25:00,158.933,158.936,158.94,158.93,401,1779704999.094,USDJPY
63,2026-05-25 10:30:00,158.936,158.948,158.95,158.931,369,1779705299.014,USDJPY
63,2026-05-25 10:35:00,158.948,158.942,158.952,158.941,375,1779705599.093,USDJPY
63,2026-05-25 10:40:00,158.942,158.932,158.943,158.932,396,1779705899.006,USDJPY
63,2026-05-25 10:45:00,158.932,158.939,158.942,158.928,356,1779706199.092,USDJPY
63,2026-05-25 10:50:00,158.939,158.941,158.95,158.936,395,1779706499.901,USDJPY
63,2026-05-25 10:55:00,158.941,158.948,158.952,158.941,409,1779706799.295,USDJPY
63,2026-05-25 11:00:00,158.948,158.953,158.956,158.942,435,1779707099.02,USDJPY
63,2026-05-25 11:05:00,158.953,158.949,158.962,158.946,409,1779707399.394,USDJPY
63,2026-05-25 11:10:00,158.949,158.942,158.949,158.937,359,1779707699.009,USDJPY
63,2026-05-25 11:15:00,158.942,158.934,158.945,158.933,383,1779707999.018,USDJPY
63,2026-05-25 11:20:00,158.934,158.939,158.942,158.933,412,1779708299.006,USDJPY
63,2026-05-25 11:25:00,158.939,158.938,158.944,158.937,373,1779708599.001,USDJPY
63,2026-05-25 11:30:00,158.938,158.929,158.94,158.915,414,1779708899.0,USDJPY
63,2026-05-25 11:35:00,158.929,158.905,158.931,158.903,437,1779709199.01,USDJPY
63,2026-05-25 11:40:00,158.905,158.902,158.91,158.9,420,1779709499.022,USDJPY
63,2026-05-25 11:45:00,158.902,158.909,158.916,158.891,465,1779709799.094,USDJPY
63,2026-05-25 11:50:00,158.909,158.908,158.915,158.903,407,1779710099.019,USDJPY
63,2026-05-25 11:55:00,158.908,158.936,158.941,158.908,432,1779710399.194,USDJPY
63,2026-05-25 12:00:00,158.936,158.915,158.943,158.912,397,1779710699.005,USDJPY
63,2026-05-25 12:05:00,158.915,158.92,158.93,158.915,456,1779710999.094,USDJPY
63,2026-05-25 12:10:00,158.92,158.902,158.925,158.899,455,1779711299.693,USDJPY
63,2026-05-25 12:15:00,158.902,158.91,158.913,158.898,416,1779711599.994,USDJPY
63,2026-05-25 12:20:00,158.91,158.902,158.925,158.892,466,1779711899.82,USDJPY
63,2026-05-25 12:25:00,158.902,158.915,158.916,158.901,445,1779712199.093,USDJPY
63,2026-05-25 12:30:00,158.915,158.902,158.923,158.9,444,1779712498.007,USDJPY
63,2026-05-25 12:35:00,158.902,158.901,158.906,158.897,413,1779712799.014,USDJPY
63,2026-05-25 12:40:00,158.901,158.895,158.903,158.89,479,1779713099.003,USDJPY
63,2026-05-25 12:45:00,158.895,158.888,158.905,158.881,505,1779713399.993,USDJPY
63,2026-05-25 12:50:00,158.888,158.897,158.9,158.885,490,1779713699.0,USDJPY
63,2026-05-25 12:55:00,158.897,158.902,158.909,158.895,455,1779713999.095,USDJPY
63,2026-05-25 13:00:00,158.902,158.902,158.909,158.896,442,1779714299.693,USDJPY
63,2026-05-25 13:05:00,158.902,158.896,158.903,158.892,409,1779714599.893,USDJPY
63,2026-05-25 13:10:00,158.896,158.892,158.902,158.887,394,1779714899.692,USDJPY
63,2026-05-25 13:15:00,158.892,158.907,158.912,158.892,414,1779715199.094,USDJPY
63,2026-05-25 13:20:00,158.907,158.911,158.914,158.902,435,1779715499.094,USDJPY
63,2026-05-25 13:25:00,158.912,158.913,158.918,158.902,405,1779715799.092,USDJPY
63,2026-05-25 13:30:00,158.913,158.906,158.914,158.899,447,1779716099.092,USDJPY
63,2026-05-25 13:35:00,158.906,158.911,158.914,158.901,443,1779716399.094,USDJPY
63,2026-05-25 13:40:00,158.911,158.911,158.913,158.901,412,1779716698.032,USDJPY
63,2026-05-25 13:45:00,158.911,158.919,158.924,158.906,424,1779716999.893,USDJPY
63,2026-05-25 13:50:00,158.919,158.917,158.924,158.912,419,1779717299.093,USDJPY
63,2026-05-25 13:55:00,158.916,158.92,158.926,158.911,435,1779717599.093,USDJPY
63,2026-05-25 14:00:00,158.92,158.913,158.923,158.905,407,1779717899.524,USDJPY
63,2026-05-25 14:05:00,158.913,158.912,158.921,158.911,367,1779718199.393,USDJPY
63,2026-05-25 14:10:00,158.912,158.916,158.92,158.912,406,1779718499.093,USDJPY
63,2026-05-25 14:15:00,158.916,158.914,158.916,158.911,340,1779718799.04,USDJPY
63,2026-05-25 14:20:00,158.914,158.905,158.914,158.901,378,1779719099.093,USDJPY
63,2026-05-25 14:25:00,158.905,158.911,158.912,158.904,409,1779719399.032,USDJPY
63,2026-05-25 14:30:00,158.911,158.913,158.914,158.907,378,1779719699.023,USDJPY
63,2026-05-25 14:35:00,158.913,158.912,158.917,158.912,331,1779719999.008,USDJPY
63,2026-05-25 14:40:00,158.912,158.899,158.913,158.889,392,1779720299.791,USDJPY
63,2026-05-25 14:45:00,158.899,158.907,158.913,158.895,416,1779720599.493,USDJPY
63,2026-05-25 14:50:00,158.907,158.917,158.919,158.901,398,1779720898.992,USDJPY
63,2026-05-25 14:55:00,158.917,158.921,158.925,158.904,525,1779721199.894,USDJPY
63,2026-05-25 15:00:00,158.921,158.927,158.938,158.921,491,1779721499.092,USDJPY
63,2026-05-25 15:05:00,158.927,158.948,158.951,158.927,431,1779721799.741,USDJPY
63,2026-05-25 15:10:00,158.948,158.926,158.951,158.889,589,1779722099.894,USDJPY
63,2026-05-25 15:15:00,158.926,158.911,158.928,158.901,514,1779722399.039,USDJPY
63,2026-05-25 15:20:00,158.912,158.913,158.916,158.901,434,1779722699.001,USDJPY
63,2026-05-25 15:25:00,158.913,158.907,158.916,158.893,453,1779722999.095,USDJPY
63,2026-05-25 15:30:00,158.907,158.9,158.913,158.894,362,1779723299.713,USDJPY
63,2026-05-25 15:35:00,158.9,158.901,158.903,158.894,410,1779723599.095,USDJPY
63,2026-05-25 15:40:00,158.901,158.904,158.914,158.901,377,1779723899.592,USDJPY
63,2026-05-25 15:45:00,158.904,158.907,158.909,158.892,374,1779724199.093,USDJPY
63,2026-05-25 15:50:00,158.907,158.891,158.914,158.885,375,1779724499.002,USDJPY
63,2026-05-25 15:55:00,158.891,158.899,158.901,158.887,383,1779724799.092,USDJPY
63,2026-05-25 16:00:00,158.899,158.908,158.913,158.894,373,1779725098.593,USDJPY
63,2026-05-25 16:05:00,158.908,158.907,158.917,158.901,353,1779725399.093,USDJPY
63,2026-05-25 16:10:00,158.907,158.904,158.914,158.902,409,1779725699.095,USDJPY
63,2026-05-25 16:15:00,158.904,158.915,158.915,158.903,380,1779725999.093,USDJPY
63,2026-05-25 16:20:00,158.915,158.913,158.918,158.907,385,1779726299.093,USDJPY
63,2026-05-25 16:25:00,158.913,158.917,158.923,158.908,361,1779726599.092,USDJPY
63,2026-05-25 16:30:00,158.917,158.914,158.921,158.911,383,1779726899.093,USDJPY
63,2026-05-25 16:35:00,158.914,158.917,158.917,158.904,369,1779727199.095,USDJPY
63,2026-05-25 16:40:00,158.917,158.917,158.924,158.91,397,1779727499.093,USDJPY
63,2026-05-25 16:45:00,158.916,158.908,158.917,158.903,371,1779727799.009,USDJPY
63,2026-05-25 16:50:00,158.908,158.912,158.916,158.897,379,1779728099.0,USDJPY
63,2026-05-27 02:15:00,159.262,159.264,159.279,159.248,402,1779848399.092,USDJPY
63,2026-05-27 02:20:00,159.264,159.276,159.291,159.262,601,1779848699.794,USDJPY
63,2026-05-27 02:25:00,159.276,159.291,159.293,159.274,404,1779848999.0,USDJPY
63,2026-05-27 02:30:00,159.291,159.265,159.293,159.265,521,1779849299.021,USDJPY
63,2026-05-27 02:35:00,159.265,159.274,159.274,159.254,469,1779849599.003,USDJPY
63,2026-05-27 02:40:00,159.274,159.267,159.276,159.258,324,1779849899.022,USDJPY
63,2026-05-27 02:45:00,159.267,159.25,159.267,159.248,336,1779850198.194,USDJPY
63,2026-05-27 02:50:00,159.25,159.24,159.25,159.228,359,1779850499.035,USDJPY
63,2026-05-27 02:55:00,159.24,159.226,159.243,159.224,391,1779850799.092,USDJPY
63,2026-05-27 03:00:00,159.226,159.201,159.226,159.191,471,1779851099.014,USDJPY
63,2026-05-27 03:05:00,159.201,159.202,159.213,159.19,553,1779851399.016,USDJPY
63,2026-05-27 03:10:00,159.202,159.206,159.216,159.201,404,1779851699.093,USDJPY
63,2026-05-27 03:15:00,159.206,159.206,159.216,159.2,356,1779851999.027,USDJPY
63,2026-05-27 03:20:00,159.206,159.194,159.212,159.19,371,1779852299.893,USDJPY
63,2026-05-27 03:25:00,159.194,159.2,159.206,159.189,388,1779852599.003,USDJPY
63,2026-05-27 03:30:00,159.2,159.207,159.209,159.19,354,1779852899.093,USDJPY
63,2026-05-27 03:35:00,159.207,159.221,159.232,159.207,355,1779853199.093,USDJPY
63,2026-05-27 03:40:00,159.221,159.214,159.228,159.205,399,1779853499.042,USDJPY
63,2026-05-27 03:45:00,159.214,159.221,159.23,159.214,381,1779853798.794,USDJPY
63,2026-05-27 03:50:00,159.221,159.212,159.227,159.204,347,1779854099.693,USDJPY
63,2026-05-27 03:55:00,159.212,159.205,159.218,159.204,383,1779854399.892,USDJPY
63,2026-05-27 04:00:00,159.205,159.214,159.214,159.202,353,1779854699.035,USDJPY
63,2026-05-27 04:05:00,159.214,159.216,159.219,159.209,329,1779854999.003,USDJPY
63,2026-05-27 04:10:00,159.216,159.216,159.218,159.211,351,1779855299.019,USDJPY
63,2026-05-27 04:15:00,159.216,159.216,159.219,159.201,400,1779855599.094,USDJPY
63,2026-05-27 04:20:00,159.216,159.209,159.216,159.197,344,1779855899.092,USDJPY
63,2026-05-27 04:25:00,159.209,159.222,159.224,159.207,382,1779856199.023,USDJPY
63,2026-05-27 04:30:00,159.222,159.223,159.223,159.216,343,1779856499.805,USDJPY
63,2026-05-27 04:35:00,159.223,159.243,159.247,159.22,374,1779856799.032,USDJPY
63,2026-05-27 04:40:00,159.243,159.227,159.245,159.227,348,1779857099.037,USDJPY
63,2026-05-27 04:45:00,159.227,159.231,159.244,159.226,401,1779857399.036,USDJPY
63,2026-05-27 04:50:00,159.231,159.231,159.243,159.228,378,1779857698.038,USDJPY
63,2026-05-27 04:55:00,159.231,159.245,159.248,159.228,450,1779857999.895,USDJPY
63,2026-05-27 05:00:00,159.245,159.242,159.248,159.231,415,1779858299.012,USDJPY
63,2026-05-27 05:05:00,159.242,159.256,159.258,159.241,422,1779858599.092,USDJPY
63,2026-05-27 05:10:00,159.256,159.257,159.27,159.255,324,1779858899.023,USDJPY
63,2026-05-27 05:15:00,159.257,159.257,159.267,159.254,402,1779859199.0,USDJPY
63,2026-05-27 05:20:00,159.257,159.269,159.277,159.255,370,1779859499.009,USDJPY
63,2026-05-27 05:25:00,159.269,159.267,159.272,159.257,310,1779859799.094,USDJPY
63,2026-05-27 05:30:00,159.267,159.285,159.289,159.267,403,1779860099.998,USDJPY
63,2026-05-27 05:35:00,159.285,159.294,159.308,159.282,427,1779860399.003,USDJPY
63,2026-05-27 05:40:00,159.294,159.303,159.308,159.289,357,1779860699.094,USDJPY
63,2026-05-27 05:45:00,159.305,159.318,159.328,159.301,418,1779860999.093,USDJPY
63,2026-05-27 05:50:00,159.318,159.326,159.328,159.315,398,1779861299.0,USDJPY
63,2026-05-27 05:55:00,159.326,159.35,159.352,159.325,446,1779861599.193,USDJPY
63,2026-05-27 06:00:00,159.35,159.365,159.377,159.339,416,1779861899.194,USDJPY
63,2026-05-27 06:05:00,159.365,159.351,159.375,159.338,475,1779862199.392,USDJPY
63,2026-05-27 06:10:00,159.351,159.364,159.365,159.339,484,1779862499.029,USDJPY
63,2026-05-27 06:15:00,159.364,159.365,159.373,159.361,350,1779862799.006,USDJPY
63,2026-05-27 06:20:00,159.365,159.351,159.375,159.349,397,1779863099.092,USDJPY
63,2026-05-27 06:25:00,159.351,159.351,159.365,159.337,409,1779863399.04,USDJPY
63,2026-05-27 06:30:00,159.351,159.35,159.365,159.347,504,1779863699.127,USDJPY
63,2026-05-27 06:35:00,159.35,159.338,159.351,159.327,442,1779863999.0,USDJPY
63,2026-05-27 06:40:00,159.338,159.324,159.351,159.317,426,1779864299.894,USDJPY
63,2026-05-27 06:45:00,159.324,159.3,159.324,159.298,525,1779864599.544,USDJPY
63,2026-05-27 06:50:00,159.3,159.341,159.341,159.298,448,1779864899.53,USDJPY
63,2026-05-27 06:55:00,159.341,159.355,159.363,159.332,413,1779865199.493,USDJPY
63,2026-05-27 07:00:00,159.355,159.344,159.367,159.343,488,1779865499.933,USDJPY
63,2026-05-27 07:05:00,159.344,159.351,159.358,159.343,489,1779865799.043,USDJPY
63,2026-05-27 07:10:00,159.351,159.346,159.356,159.337,431,1779866099.021,USDJPY
63,2026-05-27 07:15:00,159.346,159.337,159.347,159.329,401,1779866399.094,USDJPY
63,2026-05-27 07:20:00,159.337,159.344,159.355,159.337,384,1779866699.01,USDJPY
63,2026-05-27 07:25:00,159.344,159.351,159.36,159.341,426,1779866999.909,USDJPY
63,2026-05-27 07:30:00,159.351,159.312,159.353,159.305,468,1779867299.039,USDJPY
63,2026-05-27 07:35:00,159.313,159.327,159.34,159.311,433,1779867599.006,USDJPY
63,2026-05-27 07:40:00,159.327,159.332,159.334,159.327,345,1779867899.027,USDJPY
63,2026-05-27 07:45:00,159.332,159.356,159.361,159.332,401,1779868199.095,USDJPY
63,2026-05-27 07:50:00,159.356,159.339,159.358,159.339,418,1779868499.021,USDJPY
63,2026-05-27 07:55:00,159.339,159.358,159.367,159.329,454,1779868799.594,USDJPY
63,2026-05-27 08:00:00,159.358,159.332,159.362,159.317,499,1779869099.021,USDJPY
63,2026-05-27 08:05:00,159.332,159.331,159.346,159.323,434,1779869398.997,USDJPY
63,2026-05-27 08:10:00,159.331,159.374,159.377,159.331,504,1779869699.035,USDJPY
63,2026-05-27 08:15:00,159.374,159.4,159.401,159.364,513,1779869999.63,USDJPY
63,2026-05-27 08:20:00,159.4,159.435,159.442,159.399,607,1779870299.001,USDJPY
63,2026-05-27 08:25:00,159.433,159.435,159.445,159.413,503,1779870599.298,USDJPY
63,2026-05-27 08:30:00,159.435,159.424,159.44,159.423,438,1779870899.833,USDJPY
63,2026-05-27 08:35:00,159.424,159.389,159.425,159.389,471,1779871199.495,USDJPY
63,2026-05-27 08:40:00,159.389,159.389,159.389,159.372,405,1779871499.021,USDJPY
63,2026-05-27 08:45:00,159.389,159.392,159.401,159.389,367,1779871799.006,USDJPY
63,2026-05-27 08:50:00,159.392,159.402,159.402,159.383,457,1779872099.592,USDJPY
63,2026-05-27 08:55:00,159.402,159.394,159.402,159.385,459,1779872399.008,USDJPY
63,2026-05-27 09:00:00,159.394,159.389,159.401,159.385,406,1779872699.095,USDJPY
63,2026-05-27 09:05:00,159.389,159.385,159.395,159.382,407,1779872999.993,USDJPY
63,2026-05-27 09:10:00,159.382,159.344,159.382,159.339,511,1779873299.003,USDJPY
63,2026-05-27 09:15:00,159.344,159.327,159.353,159.319,460,1779873599.0,USDJPY
63,2026-05-27 09:20:00,159.327,159.332,159.337,159.319,372,1779873899.694,USDJPY
63,2026-05-27 09:25:00,159.332,159.336,159.348,159.327,440,1779874199.693,USDJPY
63,2026-05-27 09:30:00,159.336,159.341,159.356,159.334,408,1779874499.892,USDJPY
63,2026-05-27 09:35:00,159.341,159.353,159.355,159.341,334,1779874799.002,USDJPY
63,2026-05-27 09:40:00,159.353,159.349,159.358,159.338,365,1779875099.093,USDJPY
63,2026-05-27 09:45:00,159.349,159.346,159.349,159.341,377,1779875399.092,USDJPY
63,2026-05-27 09:50:00,159.346,159.334,159.354,159.332,333,1779875699.043,USDJPY
63,2026-05-27 09:55:00,159.334,159.358,159.36,159.321,437,1779875999.292,USDJPY
63,2026-05-27 10:00:00,159.359,159.366,159.37,159.356,535,1779876299.092,USDJPY
63,2026-05-27 10:05:00,159.366,159.356,159.368,159.353,404,1779876599.001,USDJPY
63,2026-05-27 10:10:00,159.356,159.353,159.36,159.348,348,1779876899.093,USDJPY
63,2026-05-27 10:15:00,159.352,159.365,159.368,159.349,404,1779877199.292,USDJPY
63,2026-05-27 10:20:00,159.363,159.38,159.38,159.356,484,1779877498.021,USDJPY
63,2026-05-27 10:25:00,159.38,159.379,159.394,159.377,355,1779877799.037,USDJPY
63,2026-05-27 10:30:00,159.379,159.382,159.389,159.377,361,1779878099.016,USDJPY
63,2026-05-27 10:35:00,159.382,159.387,159.394,159.365,389,1779878399.041,USDJPY
63,2026-05-27 10:40:00,159.387,159.385,159.389,159.382,385,1779878699.612,USDJPY
63,2026-05-27 10:45:00,159.385,159.38,159.39,159.379,393,1779878999.002,USDJPY
63,2026-05-27 10:50:00,159.38,159.385,159.392,159.375,408,1779879299.022,USDJPY
63,2026-05-28 20:15:00,159.25,159.257,159.257,159.237,376,1779999599.824,USDJPY
63,2026-05-28 20:20:00,159.258,159.264,159.267,159.25,339,1779999899.092,USDJPY
63,2026-05-28 20:25:00,159.264,159.264,159.272,159.259,363,1780000199.093,USDJPY
63,2026-05-28 20:30:00,159.264,159.262,159.265,159.249,371,1780000499.01,USDJPY
63,2026-05-28 20:35:00,159.262,159.264,159.276,159.26,363,1780000798.005,USDJPY
63,2026-05-28 20:40:00,159.264,159.263,159.267,159.26,414,1780001099.008,USDJPY
63,2026-05-28 20:45:00,159.263,159.262,159.266,159.249,488,1780001399.893,USDJPY
63,2026-05-28 20:50:00,159.262,159.255,159.263,159.25,411,1780001699.035,USDJPY
63,2026-05-28 20:55:00,159.255,159.232,159.264,159.232,452,1780001999.493,USDJPY
63,2026-05-28 21:00:00,159.232,159.226,159.243,159.226,298,1780002299.093,USDJPY
63,2026-05-28 21:05:00,159.227,159.218,159.227,159.218,303,1780002599.034,USDJPY
63,2026-05-28 21:10:00,159.218,159.215,159.219,159.213,283,1780002899.023,USDJPY
63,2026-05-28 21:15:00,159.215,159.215,159.221,159.204,302,1780003199.035,USDJPY
63,2026-05-28 21:20:00,159.215,159.215,159.219,159.201,312,1780003499.034,USDJPY
63,2026-05-28 21:25:00,159.215,159.214,159.219,159.213,286,1780003799.03,USDJPY
63,2026-05-28 21:30:00,159.214,159.224,159.226,159.214,375,1780004099.036,USDJPY
63,2026-05-28 21:35:00,159.224,159.248,159.254,159.222,352,1780004399.021,USDJPY
63,2026-05-28 21:40:00,159.248,159.245,159.251,159.245,297,1780004699.003,USDJPY
63,2026-05-28 21:45:00,159.245,159.249,159.249,159.242,296,1780004999.029,USDJPY
63,2026-05-28 21:50:00,159.249,159.251,159.255,159.245,309,1780005299.036,USDJPY
63,2026-05-28 21:55:00,159.251,159.255,159.255,159.24,287,1780005599.01,USDJPY
63,2026-05-28 22:00:00,159.255,159.262,159.275,159.23,404,1780005899.792,USDJPY
63,2026-05-28 22:05:00,159.262,159.243,159.262,159.228,437,1780006199.792,USDJPY
63,2026-05-28 22:10:00,159.243,159.231,159.245,159.231,334,1780006499.022,USDJPY
63,2026-05-28 22:15:00,159.231,159.248,159.249,159.231,322,1780006799.021,USDJPY
63,2026-05-28 22:20:00,159.248,159.245,159.25,159.239,351,1780007099.027,USDJPY
63,2026-05-28 22:25:00,159.245,159.253,159.258,159.24,313,1780007399.003,USDJPY
63,2026-05-28 22:30:00,159.253,159.269,159.282,159.253,383,1780007699.093,USDJPY
63,2026-05-28 22:35:00,159.269,159.269,159.281,159.266,339,1780007999.032,USDJPY
63,2026-05-28 22:40:00,159.269,159.255,159.269,159.254,333,1780008298.434,USDJPY
63,2026-05-28 22:45:00,159.255,159.252,159.278,159.245,362,1780008599.493,USDJPY
63,2026-05-28 22:50:00,159.252,159.25,159.254,159.24,380,1780008899.013,USDJPY
63,2026-05-28 22:55:00,159.25,159.264,159.267,159.24,382,1780009199.005,USDJPY
63,2026-05-28 23:00:00,159.264,159.252,159.266,159.236,445,1780009499.093,USDJPY
63,2026-05-28 23:05:00,159.252,159.252,159.266,159.252,344,1780009799.05,USDJPY
63,2026-05-28 23:10:00,159.252,159.255,159.257,159.25,329,1780010099.093,USDJPY
63,2026-05-28 23:15:00,159.255,159.253,159.257,159.243,333,1780010399.024,USDJPY
63,2026-05-28 23:20:00,159.253,159.24,159.255,159.238,344,1780010699.294,USDJPY
63,2026-05-28 23:25:00,159.24,159.242,159.243,159.236,351,1780010999.995,USDJPY
63,2026-05-28 23:30:00,159.24,159.226,159.279,159.226,355,1780011299.2,USDJPY
63,2026-05-28 23:35:00,159.226,159.269,159.275,159.226,404,1780011599.047,USDJPY
63,2026-05-28 23:40:00,159.269,159.267,159.27,159.255,370,1780011899.093,USDJPY
63,2026-05-28 23:45:00,159.267,159.266,159.279,159.252,345,1780012199.594,USDJPY
63,2026-05-28 23:50:00,159.266,159.255,159.266,159.225,401,1780012499.093,USDJPY
63,2026-05-28 23:55:00,159.255,159.274,159.279,159.253,440,1780012799.912,USDJPY
63,2026-05-29 00:00:00,159.274,159.29,159.302,159.263,578,1780013099.794,USDJPY
63,2026-05-29 00:05:00,159.29,159.306,159.307,159.278,505,1780013399.094,USDJPY
63,2026-05-29 00:10:00,159.306,159.291,159.313,159.289,406,1780013699.716,USDJPY
63,2026-05-29 00:15:00,159.291,159.264,159.296,159.262,457,1780013999.022,USDJPY
63,2026-05-29 00:20:00,159.264,159.272,159.274,159.247,397,1780014299.896,USDJPY
63,2026-05-29 00:25:00,159.272,159.276,159.287,159.254,576,1780014599.008,USDJPY
63,2026-05-29 00:30:00,159.276,159.303,159.305,159.276,449,1780014899.093,USDJPY
63,2026-05-29 00:35:00,159.303,159.293,159.303,159.288,349,1780015199.04,USDJPY
63,2026-05-29 00:40:00,159.293,159.276,159.293,159.267,399,1780015499.017,USDJPY
63,2026-05-29 00:45:00,159.276,159.286,159.293,159.276,440,1780015799.007,USDJPY
63,2026-05-29 00:50:00,159.286,159.306,159.315,159.275,674,1780016099.922,USDJPY
63,2026-05-29 00:55:00,159.306,159.292,159.324,159.29,651,1780016399.341,USDJPY
63,2026-05-29 01:00:00,159.292,159.299,159.319,159.278,602,1780016699.005,USDJPY
63,2026-05-29 01:05:00,159.299,159.277,159.31,159.263,534,1780016999.993,USDJPY
63,2026-05-29 01:10:00,159.277,159.262,159.287,159.255,539,1780017299.012,USDJPY
63,2026-05-29 01:15:00,159.262,159.26,159.275,159.255,537,1780017599.593,USDJPY
63,2026-05-29 01:20:00,159.26,159.276,159.281,159.255,443,1780017899.036,USDJPY
63,2026-05-29 01:25:00,159.276,159.277,159.278,159.26,426,1780018199.024,USDJPY
63,2026-05-29 01:30:00,159.277,159.282,159.286,159.274,439,1780018499.023,USDJPY
63,2026-05-29 01:35:00,159.282,159.277,159.288,159.272,428,1780018799.414,USDJPY
63,2026-05-29 01:40:00,159.277,159.291,159.296,159.276,393,1780019099.296,USDJPY
63,2026-05-29 01:45:00,159.291,159.325,159.329,159.289,424,1780019399.294,USDJPY
63,2026-05-29 01:50:00,159.325,159.319,159.329,159.313,401,1780019699.293,USDJPY
63,2026-05-29 01:55:00,159.319,159.317,159.328,159.313,426,1780019999.108,USDJPY
63,2026-05-29 02:00:00,159.317,159.303,159.324,159.299,405,1780020298.092,USDJPY
63,2026-05-29 02:05:00,159.303,159.31,159.315,159.298,396,1780020599.794,USDJPY
63,2026-05-29 02:10:00,159.312,159.3,159.312,159.296,365,1780020899.609,USDJPY
63,2026-05-29 02:15:00,159.3,159.31,159.313,159.296,337,1780021199.015,USDJPY
63,2026-05-29 02:20:00,159.31,159.31,159.312,159.299,390,1780021499.0,USDJPY
63,2026-05-29 02:25:00,159.31,159.298,159.313,159.297,434,1780021799.797,USDJPY
63,2026-05-29 02:30:00,159.298,159.298,159.313,159.298,374,1780022099.095,USDJPY
63,2026-05-29 02:35:00,159.298,159.296,159.305,159.296,321,1780022399.001,USDJPY
63,2026-05-29 02:40:00,159.296,159.288,159.298,159.276,385,1780022699.0,USDJPY
63,2026-05-29 02:45:00,159.288,159.279,159.288,159.274,414,1780022999.093,USDJPY
63,2026-05-29 02:50:00,159.279,159.289,159.293,159.279,357,1780023299.092,USDJPY
63,2026-05-29 02:55:00,159.289,159.315,159.315,159.288,407,1780023599.033,USDJPY
63,2026-05-29 03:00:00,159.315,159.327,159.339,159.313,490,1780023899.018,USDJPY
63,2026-05-29 03:05:00,159.327,159.328,159.337,159.312,449,1780024199.607,USDJPY
63,2026-05-29 03:10:00,159.328,159.332,159.34,159.323,502,1780024499.01,USDJPY
63,2026-05-29 03:15:00,159.332,159.337,159.341,159.325,429,1780024799.094,USDJPY
63,2026-05-29 03:20:00,159.337,159.348,159.352,159.337,414,1780025099.093,USDJPY
63,2026-05-29 03:25:00,159.348,159.337,159.356,159.335,397,1780025399.994,USDJPY
63,2026-05-29 03:30:00,159.337,159.329,159.341,159.325,367,1780025699.093,USDJPY
63,2026-05-29 03:35:00,159.329,159.34,159.35,159.326,457,1780025999.023,USDJPY
63,2026-05-29 03:40:00,159.34,159.344,159.353,159.339,356,1780026299.405,USDJPY
63,2026-05-29 03:45:00,159.344,159.355,159.356,159.341,344,1780026599.894,USDJPY
63,2026-05-29 03:50:00,159.355,159.363,159.365,159.351,407,1780026899.093,USDJPY
63,2026-05-29 03:55:00,159.363,159.361,159.368,159.351,440,1780027199.195,USDJPY
63,2026-05-29 04:00:00,159.361,159.373,159.379,159.341,497,1780027499.793,USDJPY
63,2026-05-29 04:05:00,159.374,159.353,159.377,159.352,432,1780027799.01,USDJPY
63,2026-05-29 04:10:00,159.353,159.349,159.353,159.346,346,1780028099.093,USDJPY
63,2026-05-29 04:15:00,159.349,159.349,159.356,159.337,372,1780028399.045,USDJPY
63,2026-05-29 04:20:00,159.349,159.344,159.353,159.341,362,1780028699.006,USDJPY
63,2026-05-29 04:25:00,159.344,159.339,159.355,159.337,480,1780028999.894,USDJPY
63,2026-05-29 04:30:00,159.339,159.356,159.356,159.337,408,1780029299.092,USDJPY
63,2026-05-29 04:35:00,159.356,159.339,159.356,159.339,373,1780029599.023,USDJPY
63,2026-05-29 04:40:00,159.339,159.322,159.341,159.317,375,1780029899.036,USDJPY
63,2026-05-29 04:45:00,159.322,159.324,159.327,159.317,335,1780030199.093,USDJPY
63,2026-05-29 04:50:00,159.324,159.31,159.325,159.31,312,1780030499.992,USDJPY
63,2026-05-30 14:15:00,159.275,159.275,159.275,159.275,0,1780150500.0,USDJPY
63,2026-05-30 14:20:00,159.275,159.275,159.275,159.275,0,1780150800.0,USDJPY
63,2026-05-30 14:25:00,159.275,159.275,159.275,159.275,0,1780151100.0,USDJPY
63,2026-05-30 14:30:00,159.275,159.275,159.275,159.275,0,1780151400.0,USDJPY
63,2026-05-30 14:35:00,159.275,159.275,159.275,159.275,0,1780151700.0,USDJPY
63,2026-05-30 14:40:00,159.275,159.275,159.275,159.275,0,1780152000.0,USDJPY
63,2026-05-30 14:45:00,159.275,159.275,159.275,159.275,0,1780152300.0,USDJPY
63,2026-05-30 14:50:00,159.275,159.275,159.275,159.275,0,1780152600.0,USDJPY
63,2026-05-30 14:55:00,159.275,159.275,159.275,159.275,0,1780152900.0,USDJPY
63,2026-05-30 15:00:00,159.275,159.275,159.275,159.275,0,1780153200.0,USDJPY
63,2026-05-30 15:05:00,159.275,159.275,159.275,159.275,0,1780153500.0,USDJPY
63,2026-05-30 15:10:00,159.275,159.275,159.275,159.275,0,1780153800.0,USDJPY
63,2026-05-30 15:15:00,159.275,159.275,159.275,159.275,0,1780154100.0,USDJPY
63,2026-05-30 15:20:00,159.275,159.275,159.275,159.275,0,1780154400.0,USDJPY
63,2026-05-30 15:25:00,159.275,159.275,159.275,159.275,0,1780154700.0,USDJPY
63,2026-05-30 15:30:00,159.275,159.275,159.275,159.275,0,1780155000.0,USDJPY
63,2026-05-30 15:35:00,159.275,159.275,159.275,159.275,0,1780155300.0,USDJPY
63,2026-05-30 15:40:00,159.275,159.275,159.275,159.275,0,1780155600.0,USDJPY
63,2026-05-30 15:45:00,159.275,159.275,159.275,159.275,0,1780155900.0,USDJPY
63,2026-05-30 15:50:00,159.275,159.275,159.275,159.275,0,1780156200.0,USDJPY
63,2026-05-30 15:55:00,159.275,159.275,159.275,159.275,0,1780156500.0,USDJPY
63,2026-05-30 16:00:00,159.275,159.275,159.275,159.275,0,1780156800.0,USDJPY
63,2026-05-30 16:05:00,159.275,159.275,159.275,159.275,0,1780157100.0,USDJPY
63,2026-05-30 16:10:00,159.275,159.275,159.275,159.275,0,1780157400.0,USDJPY
63,2026-05-30 16:15:00,159.275,159.275,159.275,159.275,0,1780157700.0,USDJPY
63,2026-05-30 16:20:00,159.275,159.275,159.275,159.275,0,1780158000.0,USDJPY
63,2026-05-30 16:25:00,159.275,159.275,159.275,159.275,0,1780158300.0,USDJPY
63,2026-05-30 16:30:00,159.275,159.275,159.275,159.275,0,1780158600.0,USDJPY
63,2026-05-30 16:35:00,159.275,159.275,159.275,159.275,0,1780158900.0,USDJPY
63,2026-05-30 16:40:00,159.275,159.275,159.275,159.275,0,1780159200.0,USDJPY
63,2026-05-30 16:45:00,159.275,159.275,159.275,159.275,0,1780159500.0,USDJPY
63,2026-05-30 16:50:00,159.275,159.275,159.275,159.275,0,1780159800.0,USDJPY
63,2026-05-30 16:55:00,159.275,159.275,159.275,159.275,0,1780160100.0,USDJPY
63,2026-05-30 17:00:00,159.275,159.275,159.275,159.275,0,1780160400.0,USDJPY
63,2026-05-30 17:05:00,159.275,159.275,159.275,159.275,0,1780160700.0,USDJPY
63,2026-05-30 17:10:00,159.275,159.275,159.275,159.275,0,1780161000.0,USDJPY
63,2026-05-30 17:15:00,159.275,159.275,159.275,159.275,0,1780161300.0,USDJPY
63,2026-05-30 17:20:00,159.275,159.275,159.275,159.275,0,1780161600.0,USDJPY
63,2026-05-30 17:25:00,159.275,159.275,159.275,159.275,0,1780161900.0,USDJPY
63,2026-05-30 17:30:00,159.275,159.275,159.275,159.275,0,1780162200.0,USDJPY
63,2026-05-30 17:35:00,159.275,159.275,159.275,159.275,0,1780162500.0,USDJPY
63,2026-05-30 17:40:00,159.275,159.275,159.275,159.275,0,1780162800.0,USDJPY
63,2026-05-30 17:45:00,159.275,159.275,159.275,159.275,0,1780163100.0,USDJPY
63,2026-05-30 17:50:00,159.275,159.275,159.275,159.275,0,1780163400.0,USDJPY
63,2026-05-30 17:55:00,159.275,159.275,159.275,159.275,0,1780163700.0,USDJPY
63,2026-05-30 18:00:00,159.275,159.275,159.275,159.275,0,1780164000.0,USDJPY
63,2026-05-30 18:05:00,159.275,159.275,159.275,159.275,0,1780164300.0,USDJPY
63,2026-05-30 18:10:00,159.275,159.275,159.275,159.275,0,1780164600.0,USDJPY
63,2026-05-30 18:15:00,159.275,159.275,159.275,159.275,0,1780164900.0,USDJPY
63,2026-05-30 18:20:00,159.275,159.275,159.275,159.275,0,1780165200.0,USDJPY
63,2026-05-30 18:25:00,159.275,159.275,159.275,159.275,0,1780165500.0,USDJPY
63,2026-05-30 18:30:00,159.275,159.275,159.275,159.275,0,1780165800.0,USDJPY
63,2026-05-30 18:35:00,159.275,159.275,159.275,159.275,0,1780166100.0,USDJPY
63,2026-05-30 18:40:00,159.275,159.275,159.275,159.275,0,1780166400.0,USDJPY
63,2026-05-30 18:45:00,159.275,159.275,159.275,159.275,0,1780166700.0,USDJPY
63,2026-05-30 18:50:00,159.275,159.275,159.275,159.275,0,1780167000.0,USDJPY
63,2026-05-30 18:55:00,159.275,159.275,159.275,159.275,0,1780167300.0,USDJPY
63,2026-05-30 19:00:00,159.275,159.275,159.275,159.275,0,1780167600.0,USDJPY
63,2026-05-30 19:05:00,159.275,159.275,159.275,159.275,0,1780167900.0,USDJPY
63,2026-05-30 19:10:00,159.275,159.275,159.275,159.275,0,1780168200.0,USDJPY
63,2026-05-30 19:15:00,159.275,159.275,159.275,159.275,0,1780168500.0,USDJPY
63,2026-05-30 19:20:00,159.275,159.275,159.275,159.275,0,1780168800.0,USDJPY
63,2026-05-30 19:25:00,159.275,159.275,159.275,159.275,0,1780169100.0,USDJPY
63,2026-05-30 19:30:00,159.275,159.275,159.275,159.275,0,1780169400.0,USDJPY
63,2026-05-30 19:35:00,159.275,159.275,159.275,159.275,0,1780169700.0,USDJPY
63,2026-05-30 19:40:00,159.275,159.275,159.275,159.275,0,1780170000.0,USDJPY
63,2026-05-30 19:45:00,159.275,159.275,159.275,159.275,0,1780170300.0,USDJPY
63,2026-05-30 19:50:00,159.275,159.275,159.275,159.275,0,1780170600.0,USDJPY
63,2026-05-30 19:55:00,159.275,159.275,159.275,159.275,0,1780170900.0,USDJPY
63,2026-05-30 20:00:00,159.275,159.275,159.275,159.275,0,1780171200.0,USDJPY
63,2026-05-30 20:05:00,159.275,159.275,159.275,159.275,0,1780171500.0,USDJPY
63,2026-05-30 20:10:00,159.275,159.275,159.275,159.275,0,1780171800.0,USDJPY
63,2026-05-30 20:15:00,159.275,159.275,159.275,159.275,0,1780172100.0,USDJPY
63,2026-05-30 20:20:00,159.275,159.275,159.275,159.275,0,1780172400.0,USDJPY
63,2026-05-30 20:25:00,159.275,159.275,159.275,159.275,0,1780172700.0,USDJPY
63,2026-05-30 20:30:00,159.275,159.275,159.275,159.275,0,1780173000.0,USDJPY
63,2026-05-30 20:35:00,159.275,159.275,159.275,159.275,0,1780173300.0,USDJPY
63,2026-05-30 20:40:00,159.275,159.275,159.275,159.275,0,1780173600.0,USDJPY
63,2026-05-30 20:45:00,159.275,159.275,159.275,159.275,0,1780173900.0,USDJPY
63,2026-05-30 20:50:00,159.275,159.275,159.275,159.275,0,1780174200.0,USDJPY
63,2026-05-30 20:55:00,159.275,159.275,159.275,159.275,0,1780174500.0,USDJPY
63,2026-05-30 21:00:00,159.275,159.275,159.275,159.275,0,1780174800.0,USDJPY
63,2026-05-30 21:05:00,159.275,159.275,159.275,159.275,0,1780175100.0,USDJPY
63,2026-05-30 21:10:00,159.275,159.275,159.275,159.275,0,1780175400.0,USDJPY
63,2026-05-30 21:15:00,159.275,159.275,159.275,159.275,0,1780175700.0,USDJPY
63,2026-05-30 21:20:00,159.275,159.275,159.275,159.275,0,1780176000.0,USDJPY
63,2026-05-30 21:25:00,159.275,159.275,159.275,159.275,0,1780176300.0,USDJPY
63,2026-05-30 21:30:00,159.275,159.275,159.275,159.275,0,1780176600.0,USDJPY
63,2026-05-30 21:35:00,159.275,159.275,159.275,159.275,0,1780176900.0,USDJPY
63,2026-05-30 21:40:00,159.275,159.275,159.275,159.275,0,1780177200.0,USDJPY
63,2026-05-30 21:45:00,159.275,159.275,159.275,159.275,0,1780177500.0,USDJPY
63,2026-05-30 21:50:00,159.275,159.275,159.275,159.275,0,1780177800.0,USDJPY
63,2026-05-30 21:55:00,159.275,159.275,159.275,159.275,0,1780178100.0,USDJPY
63,2026-05-30 22:00:00,159.275,159.275,159.275,159.275,0,1780178400.0,USDJPY
63,2026-05-30 22:05:00,159.275,159.275,159.275,159.275,0,1780178700.0,USDJPY
63,2026-05-30 22:10:00,159.275,159.275,159.275,159.275,0,1780179000.0,USDJPY
63,2026-05-30 22:15:00,159.275,159.275,159.275,159.275,0,1780179300.0,USDJPY
63,2026-05-30 22:20:00,159.275,159.275,159.275,159.275,0,1780179600.0,USDJPY
63,2026-05-30 22:25:00,159.275,159.275,159.275,159.275,0,1780179900.0,USDJPY
63,2026-05-30 22:30:00,159.275,159.275,159.275,159.275,0,1780180200.0,USDJPY
63,2026-05-30 22:35:00,159.275,159.275,159.275,159.275,0,1780180500.0,USDJPY
63,2026-05-30 22:40:00,159.275,159.275,159.275,159.275,0,1780180800.0,USDJPY
63,2026-05-30 22:45:00,159.275,159.275,159.275,159.275,0,1780181100.0,USDJPY
63,2026-05-30 22:50:00,159.275,159.275,159.275,159.275,0,1780181400.0,USDJPY
63,2026-06-01 08:15:00,159.444,159.457,159.457,159.442,406,1780301999.091,USDJPY
63,2026-06-01 08:20:00,159.457,159.452,159.466,159.45,380,1780302299.005,USDJPY
63,2026-06-01 08:25:00,159.452,159.449,159.455,159.443,445,1780302599.093,USDJPY
63,2026-06-01 08:30:00,159.447,159.447,159.457,159.444,410,1780302899.015,USDJPY
63,2026-06-01 08:35:00,159.447,159.454,159.459,159.447,391,1780303199.017,USDJPY
63,2026-06-01 08:40:00,159.454,159.442,159.457,159.442,393,1780303499.721,USDJPY
63,2026-06-01 08:45:00,159.442,159.452,159.464,159.442,547,1780303799.001,USDJPY
63,2026-06-01 08:50:00,159.452,159.464,159.465,159.452,445,1780304099.993,USDJPY
63,2026-06-01 08:55:00,159.464,159.452,159.466,159.447,375,1780304399.001,USDJPY
63,2026-06-01 09:00:00,159.452,159.457,159.459,159.444,446,1780304699.092,USDJPY
63,2026-06-01 09:05:00,159.457,159.468,159.469,159.457,401,1780304999.023,USDJPY
63,2026-06-01 09:10:00,159.468,159.466,159.48,159.462,432,1780305299.005,USDJPY
63,2026-06-01 09:15:00,159.466,159.459,159.469,159.457,491,1780305599.003,USDJPY
63,2026-06-01 09:20:00,159.459,159.468,159.478,159.457,444,1780305899.092,USDJPY
63,2026-06-01 09:25:00,159.468,159.471,159.485,159.466,433,1780306199.599,USDJPY
63,2026-06-01 09:30:00,159.471,159.478,159.483,159.469,364,1780306499.035,USDJPY
63,2026-06-01 09:35:00,159.478,159.469,159.483,159.469,382,1780306799.093,USDJPY
63,2026-06-01 09:40:00,159.469,159.468,159.469,159.459,447,1780307099.093,USDJPY
63,2026-06-01 09:45:00,159.468,159.468,159.468,159.459,376,1780307399.994,USDJPY
63,2026-06-01 09:50:00,159.468,159.459,159.471,159.457,347,1780307699.892,USDJPY
63,2026-06-01 09:55:00,159.459,159.459,159.469,159.457,415,1780307999.094,USDJPY
63,2026-06-01 10:00:00,159.459,159.464,159.469,159.457,372,1780308299.004,USDJPY
63,2026-06-01 10:05:00,159.464,159.466,159.468,159.458,367,1780308599.092,USDJPY
63,2026-06-01 10:10:00,159.466,159.471,159.471,159.455,353,1780308899.03,USDJPY
63,2026-06-01 10:15:00,159.471,159.477,159.481,159.469,464,1780309199.596,USDJPY
63,2026-06-01 10:20:00,159.477,159.464,159.48,159.462,431,1780309498.003,USDJPY
63,2026-06-01 10:25:00,159.464,159.465,159.469,159.457,367,1780309799.014,USDJPY
63,2026-06-01 10:30:00,159.465,159.464,159.466,159.457,439,1780310099.092,USDJPY
63,2026-06-01 10:35:00,159.464,159.464,159.468,159.457,350,1780310399.994,USDJPY
63,2026-06-01 10:40:00,159.464,159.457,159.466,159.456,356,1780310699.001,USDJPY
63,2026-06-01 10:45:00,159.457,159.442,159.457,159.442,366,1780310999.093,USDJPY
63,2026-06-01 10:50:00,159.442,159.451,159.454,159.442,407,1780311299.001,USDJPY
63,2026-06-01 10:55:00,159.451,159.452,159.457,159.449,367,1780311599.014,USDJPY
63,2026-06-01 11:00:00,159.452,159.464,159.466,159.445,385,1780311899.022,USDJPY
63,2026-06-01 11:05:00,159.464,159.469,159.471,159.462,370,1780312199.04,USDJPY
63,2026-06-01 11:10:00,159.469,159.471,159.478,159.464,339,1780312499.093,USDJPY
63,2026-06-01 11:15:00,159.471,159.464,159.474,159.459,357,1780312799.0,USDJPY
63,2026-06-01 11:20:00,159.464,159.466,159.468,159.457,391,1780313099.033,USDJPY
63,2026-06-01 11:25:00,159.466,159.462,159.466,159.457,373,1780313399.018,USDJPY
63,2026-06-01 11:30:00,159.462,159.469,159.474,159.462,361,1780313699.195,USDJPY
63,2026-06-01 11:35:00,159.469,159.47,159.48,159.466,418,1780313999.909,USDJPY
63,2026-06-01 11:40:00,159.47,159.476,159.48,159.468,363,1780314299.592,USDJPY
63,2026-06-01 11:45:00,159.476,159.483,159.486,159.474,364,1780314599.002,USDJPY
63,2026-06-01 11:50:00,159.483,159.488,159.495,159.474,411,1780314899.894,USDJPY
63,2026-06-01 11:55:00,159.488,159.49,159.492,159.48,467,1780315199.027,USDJPY
63,2026-06-01 12:00:00,159.49,159.489,159.495,159.476,509,1780315499.693,USDJPY
63,2026-06-01 12:05:00,159.489,159.488,159.493,159.48,575,1780315799.01,USDJPY
63,2026-06-01 12:10:00,159.488,159.488,159.495,159.481,609,1780316099.594,USDJPY
63,2026-06-01 12:15:00,159.488,159.479,159.493,159.478,440,1780316399.518,USDJPY
63,2026-06-01 12:20:00,159.479,159.481,159.489,159.477,461,1780316699.091,USDJPY
63,2026-06-01 12:25:00,159.481,159.469,159.481,159.462,449,1780316999.022,USDJPY
63,2026-06-01 12:30:00,159.469,159.464,159.474,159.456,510,1780317299.016,USDJPY
63,2026-06-01 12:35:00,159.464,159.464,159.476,159.454,525,1780317599.894,USDJPY
63,2026-06-01 12:40:00,159.464,159.444,159.483,159.435,640,1780317899.893,USDJPY
63,2026-06-01 12:45:00,159.444,159.466,159.474,159.44,555,1780318199.034,USDJPY
63,2026-06-01 12:50:00,159.466,159.481,159.49,159.456,582,1780318499.001,USDJPY
63,2026-06-01 12:55:00,159.481,159.486,159.495,159.477,459,1780318799.893,USDJPY
63,2026-06-01 13:00:00,159.486,159.517,159.528,159.486,733,1780319099.013,USDJPY
63,2026-06-01 13:05:00,159.517,159.55,159.572,159.517,707,1780319399.407,USDJPY
63,2026-06-01 13:10:00,159.55,159.644,159.661,159.543,1476,1780319699.018,USDJPY
63,2026-06-01 13:15:00,159.644,159.645,159.654,159.602,1170,1780319999.321,USDJPY
63,2026-06-01 13:20:00,159.645,159.676,159.678,159.641,974,1780320299.093,USDJPY
63,2026-06-01 13:25:00,159.676,159.694,159.697,159.666,727,1780320599.893,USDJPY
63,2026-06-01 13:30:00,159.694,159.724,159.735,159.69,724,1780320899.801,USDJPY
63,2026-06-01 13:35:00,159.724,159.677,159.726,159.664,909,1780321199.308,USDJPY
63,2026-06-01 13:40:00,159.677,159.716,159.721,159.664,612,1780321499.896,USDJPY
63,2026-06-01 13:45:00,159.716,159.709,159.721,159.697,559,1780321799.021,USDJPY
63,2026-06-01 13:50:00,159.709,159.728,159.735,159.683,875,1780322099.092,USDJPY
63,2026-06-01 13:55:00,159.728,159.738,159.743,159.723,585,1780322399.114,USDJPY
63,2026-06-01 14:00:00,159.738,159.721,159.762,159.712,756,1780322699.093,USDJPY
63,2026-06-01 14:05:00,159.721,159.695,159.737,159.688,807,1780322999.092,USDJPY
63,2026-06-01 14:10:00,159.695,159.68,159.713,159.678,716,1780323299.793,USDJPY
63,2026-06-01 14:15:00,159.68,159.715,159.728,159.659,851,1780323599.992,USDJPY
63,2026-06-01 14:20:00,159.715,159.711,159.718,159.694,572,1780323899.936,USDJPY
63,2026-06-01 14:25:00,159.711,159.707,159.723,159.706,584,1780324199.023,USDJPY
63,2026-06-01 14:30:00,159.707,159.723,159.726,159.702,571,1780324499.601,USDJPY
63,2026-06-01 14:35:00,159.723,159.697,159.724,159.695,477,1780324799.005,USDJPY
63,2026-06-01 14:40:00,159.697,159.695,159.706,159.669,689,1780325099.007,USDJPY
63,2026-06-01 14:45:00,159.695,159.714,159.718,159.685,528,1780325399.017,USDJPY
63,2026-06-01 14:50:00,159.714,159.714,159.721,159.697,535,1780325699.017,USDJPY
63,2026-06-01 14:55:00,159.714,159.723,159.749,159.704,758,1780325999.594,USDJPY
63,2026-06-01 15:00:00,159.723,159.697,159.738,159.695,720,1780326299.003,USDJPY
63,2026-06-01 15:05:00,159.697,159.683,159.716,159.656,651,1780326599.651,USDJPY
63,2026-06-01 15:10:00,159.683,159.675,159.683,159.661,540,1780326899.094,USDJPY
63,2026-06-01 15:15:00,159.675,159.647,159.675,159.645,494,1780327199.732,USDJPY
63,2026-06-01 15:20:00,159.647,159.649,159.656,159.632,529,1780327499.516,USDJPY
63,2026-06-01 15:25:00,159.649,159.656,159.673,159.637,467,1780327799.994,USDJPY
63,2026-06-01 15:30:00,159.654,159.635,159.659,159.584,1094,1780328099.996,USDJPY
63,2026-06-01 15:35:00,159.635,159.642,159.653,159.627,758,1780328399.793,USDJPY
63,2026-06-01 15:40:00,159.642,159.642,159.649,159.632,423,1780328699.021,USDJPY
63,2026-06-01 15:45:00,159.642,159.669,159.673,159.633,440,1780328999.024,USDJPY
63,2026-06-01 15:50:00,159.669,159.668,159.683,159.664,435,1780329299.51,USDJPY
63,2026-06-01 15:55:00,159.668,159.659,159.669,159.652,474,1780329599.04,USDJPY
63,2026-06-01 16:00:00,159.659,159.652,159.661,159.625,568,1780329898.094,USDJPY
63,2026-06-01 16:05:00,159.652,159.68,159.68,159.649,418,1780330199.03,USDJPY
63,2026-06-01 16:10:00,159.68,159.692,159.695,159.68,521,1780330499.294,USDJPY
63,2026-06-01 16:15:00,159.692,159.694,159.712,159.687,470,1780330799.026,USDJPY
63,2026-06-01 16:20:00,159.694,159.697,159.697,159.683,451,1780331099.094,USDJPY
63,2026-06-01 16:25:00,159.697,159.683,159.7,159.68,455,1780331399.04,USDJPY
63,2026-06-01 16:30:00,159.683,159.67,159.688,159.664,847,1780331699.036,USDJPY
63,2026-06-01 16:35:00,159.67,159.661,159.68,159.654,733,1780331999.694,USDJPY
63,2026-06-01 16:40:00,159.661,159.671,159.672,159.637,638,1780332299.092,USDJPY
63,2026-06-01 16:45:00,159.671,159.646,159.671,159.643,525,1780332599.515,USDJPY
63,2026-06-01 16:50:00,159.646,159.592,159.647,159.583,867,1780332899.994,USDJPY
63,2026-06-03 02:15:00,159.844,159.846,159.851,159.841,348,1780453199.094,USDJPY
63,2026-06-03 02:20:00,159.846,159.861,159.863,159.843,371,1780453499.297,USDJPY
63,2026-06-03 02:25:00,159.861,159.861,159.863,159.856,407,1780453799.014,USDJPY
63,2026-06-03 02:30:00,159.861,159.848,159.863,159.846,373,1780454099.031,USDJPY
63,2026-06-03 02:35:00,159.848,159.853,159.859,159.846,443,1780454399.019,USDJPY
63,2026-06-03 02:40:00,159.853,159.858,159.859,159.847,404,1780454699.018,USDJPY
63,2026-06-03 02:45:00,159.858,159.87,159.878,159.857,465,1780454999.893,USDJPY
63,2026-06-03 02:50:00,159.87,159.876,159.881,159.86,439,1780455299.992,USDJPY
63,2026-06-03 02:55:00,159.875,159.873,159.881,159.87,381,1780455598.093,USDJPY
63,2026-06-03 03:00:00,159.873,159.874,159.885,159.87,405,1780455899.095,USDJPY
63,2026-06-03 03:05:00,159.874,159.876,159.877,159.871,387,1780456199.028,USDJPY
63,2026-06-03 03:10:00,159.876,159.882,159.883,159.875,369,1780456499.0,USDJPY
63,2026-06-03 03:15:00,159.882,159.885,159.886,159.871,373,1780456799.001,USDJPY
63,2026-06-03 03:20:00,159.885,159.884,159.892,159.882,393,1780457099.018,USDJPY
63,2026-06-03 03:25:00,159.884,159.897,159.902,159.882,375,1780457399.003,USDJPY
63,2026-06-03 03:30:00,159.897,159.901,159.901,159.895,352,1780457699.091,USDJPY
63,2026-06-03 03:35:00,159.901,159.899,159.903,159.894,415,1780457999.993,USDJPY
63,2026-06-03 03:40:00,159.898,159.895,159.901,159.889,384,1780458299.994,USDJPY
63,2026-06-03 03:45:00,159.895,159.887,159.895,159.883,353,1780458599.792,USDJPY
63,2026-06-03 03:50:00,159.887,159.887,159.887,159.882,363,1780458899.009,USDJPY
63,2026-06-03 03:55:00,159.887,159.887,159.894,159.883,417,1780459199.094,USDJPY
63,2026-06-03 04:00:00,159.887,159.882,159.887,159.873,355,1780459498.092,USDJPY
63,2026-06-03 04:05:00,159.882,159.887,159.889,159.88,352,1780459799.093,USDJPY
63,2026-06-03 04:10:00,159.887,159.887,159.899,159.885,379,1780460099.091,USDJPY
63,2026-06-03 04:15:00,159.888,159.88,159.894,159.87,374,1780460399.393,USDJPY
63,2026-06-03 04:20:00,159.88,159.883,159.887,159.868,410,1780460699.493,USDJPY
63,2026-06-03 04:25:00,159.883,159.892,159.897,159.88,435,1780460999.025,USDJPY
63,2026-06-03 04:30:00,159.892,159.895,159.897,159.889,383,1780461299.029,USDJPY
63,2026-06-03 04:35:00,159.895,159.882,159.897,159.88,343,1780461599.096,USDJPY
63,2026-06-03 04:40:00,159.882,159.877,159.885,159.873,387,1780461899.026,USDJPY
63,2026-06-03 04:45:00,159.877,159.89,159.892,159.877,397,1780462199.043,USDJPY
63,2026-06-03 04:50:00,159.89,159.892,159.899,159.885,343,1780462499.041,USDJPY
63,2026-06-03 04:55:00,159.891,159.889,159.894,159.885,343,1780462799.092,USDJPY
63,2026-06-03 05:00:00,159.889,159.882,159.897,159.88,450,1780463099.093,USDJPY
63,2026-06-03 05:05:00,159.882,159.885,159.887,159.873,408,1780463399.001,USDJPY
63,2026-06-03 05:10:00,159.885,159.881,159.89,159.877,356,1780463699.034,USDJPY
63,2026-06-03 05:15:00,159.88,159.882,159.885,159.871,383,1780463999.792,USDJPY
63,2026-06-03 05:20:00,159.883,159.894,159.895,159.88,376,1780464299.093,USDJPY
63,2026-06-03 05:25:00,159.894,159.908,159.909,159.892,418,1780464599.039,USDJPY
63,2026-06-03 05:30:00,159.908,159.897,159.914,159.897,506,1780464899.094,USDJPY
63,2026-06-03 05:35:00,159.897,159.906,159.909,159.891,475,1780465199.094,USDJPY
63,2026-06-03 05:40:00,159.906,159.914,159.915,159.904,378,1780465499.092,USDJPY
63,2026-06-03 05:45:00,159.914,159.91,159.916,159.908,369,1780465799.028,USDJPY
63,2026-06-03 05:50:00,159.91,159.921,159.924,159.907,471,1780466099.094,USDJPY
63,2026-06-03 05:55:00,159.921,159.928,159.933,159.919,391,1780466399.0,USDJPY
63,2026-06-03 06:00:00,159.928,159.913,159.928,159.906,498,1780466699.043,USDJPY
63,2026-06-03 06:05:00,159.913,159.931,159.933,159.907,547,1780466999.093,USDJPY
63,2026-06-03 06:10:00,159.931,159.94,159.959,159.923,577,1780467299.605,USDJPY
63,2026-06-03 06:15:00,159.94,159.93,159.945,159.925,429,1780467599.193,USDJPY
63,2026-06-03 06:20:00,159.93,159.947,159.952,159.93,424,1780467899.627,USDJPY
63,2026-06-03 06:25:00,159.947,159.94,159.947,159.933,474,1780468199.043,USDJPY
63,2026-06-03 06:30:00,159.94,159.945,159.948,159.928,437,1780468499.093,USDJPY
63,2026-06-03 06:35:00,159.945,159.938,159.947,159.928,416,1780468799.023,USDJPY
63,2026-06-03 06:40:00,159.938,159.938,159.947,159.931,493,1780469099.014,USDJPY
63,2026-06-03 06:45:00,159.938,159.945,159.947,159.933,512,1780469399.093,USDJPY
63,2026-06-03 06:50:00,159.945,159.96,159.969,159.945,414,1780469699.02,USDJPY
63,2026-06-03 06:55:00,159.96,159.978,159.986,159.96,454,1780469999.038,USDJPY
63,2026-06-03 07:00:00,159.978,159.983,159.998,159.976,562,1780470299.091,USDJPY
63,2026-06-03 07:05:00,159.983,159.952,159.993,159.94,430,1780470599.317,USDJPY
63,2026-06-03 07:10:00,159.952,159.921,159.957,159.906,547,1780470899.001,USDJPY
63,2026-06-03 07:15:00,159.921,159.945,159.945,159.916,589,1780471199.036,USDJPY
63,2026-06-03 07:20:00,159.947,159.959,159.962,159.942,442,1780471499.024,USDJPY
63,2026-06-03 07:25:00,159.959,159.962,159.964,159.954,389,1780471799.002,USDJPY
63,2026-06-03 07:30:00,159.962,159.776,159.971,159.701,848,1780472099.793,USDJPY
63,2026-06-03 07:35:00,159.776,159.774,159.788,159.558,1418,1780472399.093,USDJPY
63,2026-06-03 07:40:00,159.774,159.669,159.793,159.654,725,1780472699.995,USDJPY
63,2026-06-03 07:45:00,159.666,159.678,159.726,159.644,647,1780472999.893,USDJPY
63,2026-06-03 07:50:00,159.678,159.613,159.678,159.58,785,1780473299.993,USDJPY
63,2026-06-03 07:55:00,159.613,159.702,159.704,159.613,540,1780473599.295,USDJPY
63,2026-06-03 08:00:00,159.702,159.659,159.707,159.638,674,1780473899.124,USDJPY
63,2026-06-03 08:05:00,159.659,159.668,159.685,159.654,592,1780474199.023,USDJPY
63,2026-06-03 08:10:00,159.668,159.716,159.718,159.659,591,1780474499.994,USDJPY
63,2026-06-03 08:15:00,159.716,159.731,159.75,159.716,679,1780474799.015,USDJPY
63,2026-06-03 08:20:00,159.731,159.723,159.745,159.709,615,1780475099.019,USDJPY
63,2026-06-03 08:25:00,159.723,159.689,159.73,159.675,525,1780475398.093,USDJPY
63,2026-06-03 08:30:00,159.689,159.677,159.8,159.375,1839,1780475699.592,USDJPY
63,2026-06-03 08:35:00,159.677,159.706,159.714,159.628,695,1780475999.795,USDJPY
63,2026-06-03 08:40:00,159.707,159.81,159.817,159.694,615,1780476299.294,USDJPY
63,2026-06-03 08:45:00,159.81,159.733,159.813,159.716,519,1780476599.006,USDJPY
63,2026-06-03 08:50:00,159.733,159.765,159.782,159.728,480,1780476899.394,USDJPY
63,2026-06-03 08:55:00,159.765,159.757,159.769,159.736,491,1780477199.026,USDJPY
63,2026-06-03 09:00:00,159.757,159.846,159.846,159.757,534,1780477499.022,USDJPY
63,2026-06-03 09:05:00,159.846,159.819,159.848,159.817,421,1780477799.033,USDJPY
63,2026-06-03 09:10:00,159.819,159.82,159.822,159.805,377,1780478099.042,USDJPY
63,2026-06-03 09:15:00,159.82,159.796,159.822,159.786,479,1780478399.119,USDJPY
63,2026-06-03 09:20:00,159.796,159.832,159.847,159.779,461,1780478699.029,USDJPY
63,2026-06-03 09:25:00,159.832,159.868,159.868,159.817,417,1780478999.013,USDJPY
63,2026-06-03 09:30:00,159.868,159.858,159.885,159.856,460,1780479299.042,USDJPY
63,2026-06-03 09:35:00,159.858,159.831,159.858,159.829,366,1780479599.297,USDJPY
63,2026-06-03 09:40:00,159.831,159.844,159.847,159.829,387,1780479898.001,USDJPY
63,2026-06-03 09:45:00,159.844,159.832,159.851,159.829,417,1780480199.093,USDJPY
63,2026-06-03 09:50:00,159.832,159.82,159.832,159.809,383,1780480499.093,USDJPY
63,2026-06-03 09:55:00,159.82,159.791,159.837,159.788,472,1780480799.892,USDJPY
63,2026-06-03 10:00:00,159.791,159.765,159.793,159.764,430,1780481099.294,USDJPY
63,2026-06-03 10:05:00,159.765,159.76,159.767,159.669,1079,1780481399.993,USDJPY
63,2026-06-03 10:10:00,159.76,159.781,159.803,159.742,491,1780481699.004,USDJPY
63,2026-06-03 10:15:00,159.781,159.793,159.801,159.781,443,1780481999.094,USDJPY
63,2026-06-03 10:20:00,159.793,159.824,159.825,159.784,485,1780482299.017,USDJPY
63,2026-06-03 10:25:00,159.824,159.825,159.837,159.803,456,1780482599.092,USDJPY
63,2026-06-03 10:30:00,159.825,159.836,159.837,159.81,516,1780482899.094,USDJPY
63,2026-06-03 10:35:00,159.836,159.834,159.837,159.825,432,1780483199.993,USDJPY
63,2026-06-03 10:40:00,159.834,159.846,159.856,159.826,411,1780483499.697,USDJPY
63,2026-06-03 10:45:00,159.846,159.843,159.855,159.834,377,1780483799.017,USDJPY
63,2026-06-03 10:50:00,159.843,159.796,159.844,159.793,449,1780484099.004,USDJPY
